<?xml version="1.0" encoding="UTF-8" standalone="yes"?>
<businessObjectModel modelVersion="1.0" productVersion="7.4.2">
    <businessObjects>
        <businessObject qualifiedName="com.kallsonys.model.OrderRequest">
            <fields>
                <field type="LONG" length="255" name="userId" nullable="false" collection="false"/>
                <field type="DATE" length="255" name="orderDate" nullable="false" collection="false"/>
                <field type="LONG" length="255" name="orderId" nullable="false" collection="false"/>
                <field type="STRING" length="255" name="orderStatus" nullable="false" collection="false"/>
                <field type="BOOLEAN" length="255" name="isApproved" nullable="true" collection="false"/>
                <field type="STRING" length="255" name="countryOrder" nullable="true" collection="false"/>
                <field type="STRING" length="255" name="vendorOrder" nullable="true" collection="false"/>
                <field type="STRING" length="255" name="idClient" nullable="true" collection="false"/>
                <field type="STRING" length="255" name="nameClient" nullable="true" collection="false"/>
                <field type="STRING" length="255" name="emailClient" nullable="true" collection="false"/>
                <field type="STRING" length="255" name="phoneClient" nullable="true" collection="false"/>
                <field type="STRING" length="255" name="statusClient" nullable="true" collection="false"/>
                <field type="STRING" length="255" name="cityOrder" nullable="true" collection="false"/>
                <field type="DOUBLE" length="255" name="valueOrder" nullable="true" collection="false"/>
                <field type="STRING" length="255" name="carrierOrder" nullable="true" collection="false"/>
                <field type="STRING" length="255" name="streetClient" nullable="true" collection="false"/>
                <field type="DOUBLE" length="255" name="priceVendor" nullable="true" collection="false"/>
                <field type="STRING" length="255" name="lastNameClient" nullable="true" collection="false"/>
            </fields>
            <uniqueConstraints/>
            <queries/>
            <indexes/>
        </businessObject>
    </businessObjects>
</businessObjectModel>
