<?xml version="1.0" encoding="UTF-8" standalone="yes"?>
<businessObjectModel modelVersion="1.0" productVersion="7.4.1">
    <businessObjects>
        <businessObject qualifiedName="com.eps.model.Medicamento">
            <fields>
                <field type="STRING" length="255" name="nombreMedicamento" nullable="true" collection="false"/>
                <field type="STRING" length="255" name="idMedicamento" nullable="true" collection="false"/>
                <field type="BOOLEAN" length="255" name="esAutorizadoInvima" nullable="true" collection="false"/>
                <field type="BOOLEAN" length="255" name="esPos" nullable="true" collection="false"/>
                <field type="DOUBLE" length="255" name="costo" nullable="true" collection="false"/>
            </fields>
            <uniqueConstraints/>
            <queries/>
            <indexes/>
        </businessObject>
        <businessObject qualifiedName="com.eps.model.Tratamiento">
            <fields>
                <field type="STRING" length="255" name="nombreTratamiento" nullable="true" collection="false"/>
                <field type="STRING" length="255" name="idTratamiento" nullable="true" collection="false"/>
                <field type="BOOLEAN" length="255" name="esPos" nullable="true" collection="false"/>
                <field type="DOUBLE" length="255" name="costo" nullable="true" collection="false"/>
            </fields>
            <uniqueConstraints/>
            <queries/>
            <indexes/>
        </businessObject>
        <businessObject qualifiedName="com.eps.model.OrdenMedica">
            <fields>
                <relationField type="AGGREGATION" reference="com.eps.model.Medicamento" fetchType="LAZY" name="medicamento" nullable="true" collection="false"/>
                <relationField type="AGGREGATION" reference="com.eps.model.Tratamiento" fetchType="LAZY" name="tratamiento" nullable="true" collection="false"/>
                <relationField type="AGGREGATION" reference="com.eps.model.Afiliado" fetchType="LAZY" name="afiliado" nullable="true" collection="false"/>
                <field type="DOUBLE" length="255" name="sobreCostoTutela" nullable="true" collection="false"/>
                <field type="BOOLEAN" length="255" name="autorizacionAprobada" nullable="true" collection="false"/>
                <field type="BOOLEAN" length="255" name="puedeAutorizarIPS" nullable="true" collection="false"/>
                <field type="STRING" length="255" name="enfermeroBOId" nullable="true" collection="false"/>
                <field type="STRING" length="255" name="medicoBOId" nullable="true" collection="false"/>
                <field type="STRING" length="255" name="fechaAutorizacion" nullable="true" collection="false"/>
            </fields>
            <uniqueConstraints/>
            <queries/>
            <indexes/>
        </businessObject>
        <businessObject qualifiedName="com.eps.model.Afiliado">
            <fields>
                <field type="STRING" length="255" name="identificacion" nullable="true" collection="false"/>
                <field type="STRING" length="255" name="nombres" nullable="true" collection="false"/>
                <field type="STRING" length="255" name="apellidos" nullable="true" collection="false"/>
                <field type="STRING" length="255" name="fechaNacimiento" nullable="true" collection="false"/>
                <field type="STRING" length="255" name="telefono" nullable="true" collection="false"/>
                <field type="STRING" length="255" name="email" nullable="true" collection="false"/>
                <field type="STRING" length="255" name="direccion" nullable="true" collection="false"/>
                <field type="STRING" length="255" name="tipoAfiliacion" nullable="true" collection="false"/>
                <field type="BOOLEAN" length="255" name="esRegimenSubsidiado" nullable="true" collection="false"/>
                <field type="STRING" length="255" name="estadoAfiliacion" nullable="true" collection="false"/>
                <field type="STRING" length="255" name="antiguedad" nullable="true" collection="false"/>
            </fields>
            <uniqueConstraints/>
            <queries/>
            <indexes/>
        </businessObject>
        <businessObject qualifiedName="com.eps.model.HistoriaClinica">
            <fields>
                <relationField type="AGGREGATION" reference="com.eps.model.Afiliado" fetchType="LAZY" name="afiliado" nullable="true" collection="false"/>
                <field type="STRING" length="255" name="fechaUltimaValoracion" nullable="true" collection="false"/>
                <field type="STRING" length="255" name="nombreUltimoMedico" nullable="true" collection="false"/>
                <relationField type="AGGREGATION" reference="com.eps.model.Diagnostico" fetchType="EAGER" name="diagnosticos" nullable="true" collection="true"/>
                <relationField type="AGGREGATION" reference="com.eps.model.MedicamentoOrdenado" fetchType="EAGER" name="medicamentosOrdenados" nullable="true" collection="true"/>
                <relationField type="AGGREGATION" reference="com.eps.model.TratamientoOrdenado" fetchType="EAGER" name="tratamientosOrdenadoos" nullable="true" collection="true"/>
            </fields>
            <uniqueConstraints/>
            <queries/>
            <indexes/>
        </businessObject>
        <businessObject qualifiedName="com.eps.model.Diagnostico">
            <fields>
                <field type="STRING" length="255" name="nombreEnfermedad" nullable="true" collection="false"/>
                <field type="STRING" length="255" name="observaciones" nullable="true" collection="false"/>
                <field type="STRING" length="255" name="sintomas" nullable="true" collection="false"/>
                <field type="STRING" length="255" name="fechaDiagnostico" nullable="true" collection="false"/>
                <field type="STRING" length="255" name="identificacionMedico" nullable="true" collection="false"/>
            </fields>
            <uniqueConstraints/>
            <queries/>
            <indexes/>
        </businessObject>
        <businessObject qualifiedName="com.eps.model.CostosPorTutela">
            <fields>
                <field type="DOUBLE" length="255" name="historicoCostos" nullable="true" collection="false"/>
                <field type="DOUBLE" length="255" name="promedioCostosMes" nullable="true" collection="false"/>
            </fields>
            <uniqueConstraints/>
            <queries/>
            <indexes/>
        </businessObject>
        <businessObject qualifiedName="com.eps.model.FalloTutela">
            <fields>
                <relationField type="AGGREGATION" reference="com.eps.model.OrdenMedica" fetchType="LAZY" name="ordenMedica" nullable="true" collection="false"/>
            </fields>
            <uniqueConstraints/>
            <queries/>
            <indexes/>
        </businessObject>
        <businessObject qualifiedName="com.eps.model.MedicamentoOrdenado">
            <fields>
                <field type="STRING" length="255" name="fechaAutorizacion" nullable="true" collection="false"/>
                <field type="STRING" length="255" name="fechaFormulado" nullable="true" collection="false"/>
                <field type="STRING" length="255" name="fechaSuspension" nullable="true" collection="false"/>
                <field type="BOOLEAN" length="255" name="medicamentoSuspendido" nullable="true" collection="false"/>
                <field type="STRING" length="255" name="nombreMedicamento" nullable="true" collection="false"/>
                <field type="BOOLEAN" length="255" name="pendienteAutorizacion" nullable="true" collection="false"/>
                <field type="STRING" length="255" name="posologia" nullable="true" collection="false"/>
            </fields>
            <uniqueConstraints/>
            <queries/>
            <indexes/>
        </businessObject>
        <businessObject qualifiedName="com.eps.model.TratamientoOrdenado">
            <fields>
                <field type="STRING" length="255" name="descripcionTratamiento" nullable="true" collection="false"/>
                <field type="STRING" length="255" name="fechaAutorizacion" nullable="true" collection="false"/>
                <field type="STRING" length="255" name="fechaPrescrito" nullable="true" collection="false"/>
                <field type="STRING" length="255" name="fechaSuspension" nullable="true" collection="false"/>
                <field type="STRING" length="255" name="nombreTratamiento" nullable="true" collection="false"/>
                <field type="BOOLEAN" length="255" name="pendienteAutorizacion" nullable="true" collection="false"/>
                <field type="BOOLEAN" length="255" name="tratamientoSuspendido" nullable="true" collection="false"/>
            </fields>
            <uniqueConstraints/>
            <queries/>
            <indexes/>
        </businessObject>
    </businessObjects>
</businessObjectModel>
